<mujoco model="rack">
  <default>
    <default class="visual">
      <geom group="2" type="mesh" contype="0" conaffinity="0"/>
    </default>
    <default class="collision">
      <geom group="3" type="mesh"/>
    </default>
  </default>
  <asset>
    <mesh file="rack.obj"/>
    <mesh file="rack_collision_0.obj"/>
    <mesh file="rack_collision_1.obj"/>
    <mesh file="rack_collision_2.obj"/>
    <mesh file="rack_collision_3.obj"/>
    <mesh file="rack_collision_4.obj"/>
    <mesh file="rack_collision_5.obj"/>
  </asset>
  <worldbody>
    <body name="rack">
      <geom mesh="rack" class="visual"/>
      <geom mesh="rack_collision_0" rgba="0.6129364678856933 0.8514566639615117 0.856228606998728 1" class="collision"/>
      <geom mesh="rack_collision_1" rgba="0.0425887762356133 0.6087980906396212 0.9725559852148086 1" class="collision"/>
      <geom mesh="rack_collision_2" rgba="0.36917749713652537 0.43622267176632423 0.3480679988347638 1" class="collision"/>
      <geom mesh="rack_collision_3" rgba="0.0633047634859355 0.34460425956507323 0.5587433903091067 1" class="collision"/>
      <geom mesh="rack_collision_4" rgba="0.1515012413064517 0.440976613471494 0.5058892521267451 1" class="collision"/>
      <geom mesh="rack_collision_5" rgba="0.017714151796128452 0.573862862169093 0.6736300784480302 1" class="collision"/>
    </body>
  </worldbody>
</mujoco>